{"mu-mu_0K": [0.0, -0.15766752295964667, -0.35716109254410505, -0.4633062592086276, -0.5684747265209704, -0.5725679617587883, -0.6845046823072302, -0.7988365855732343, -0.9153600136580551, -1.0338982557640533, -1.2764843857253183, -1.5256155519745132, -1.7804988878829335, -2.0404658980577506, -2.304982822611666, -2.5736050343764276, -2.8459749660488933, -3.1217816895393757, -3.4007764623761245, -3.6827416348963578, -3.9674927231001944, -4.254892918628172, -4.544805413120827, -4.837112053904078, -5.13170297971957, -5.428488021421295, -5.7273687184475115, -6.028299468011739, -6.3311932102488635, -6.635957703158943, -6.9425981288768055, -7.2509807883238855, -7.561092207949628, -7.872879529978791, -8.186271240950743, -8.501236248056516, -8.817722729947826, -9.135721358781987, -9.4551295282894, -9.775953457031855, -10.098137177953216, -10.421667217502918, -10.746499009321454, -11.072592132757157, -11.399910312866226, -11.728421420412731, -12.058141001801161, -12.389003762132672, -12.720990009294923, -13.05408419688343, -13.388322599841986, -13.723603648327966, -14.059921123779567, -14.397323738264184, -14.735764852568353, -15.075250685253877, -15.415683812185982, -15.757182386038748, -16.099653128385278, -16.44311262205701, -16.787639635503336, -17.13308492324121, -17.47953139942788, -17.826947971254377, -18.175365731529666], "temperature": [0.0, 100.0, 200.0, 250.0, 298.15, 300.0, 350.0, 400.0, 450.0, 500.0, 600.0, 700.0, 800.0, 900.0, 1000.0, 1100.0, 1200.0, 1300.0, 1400.0, 1500.0, 1600.0, 1700.0, 1800.0, 1900.0, 2000.0, 2100.0, 2200.0, 2300.0, 2400.0, 2500.0, 2600.0, 2700.0, 2800.0, 2900.0, 3000.0, 3100.0, 3200.0, 3300.0, 3400.0, 3500.0, 3600.0, 3700.0, 3800.0, 3900.0, 4000.0, 4100.0, 4200.0, 4300.0, 4400.0, 4500.0, 4600.0, 4700.0, 4800.0, 4900.0, 5000.0, 5100.0, 5200.0, 5300.0, 5400.0, 5500.0, 5600.0, 5700.0, 5800.0, 5900.0, 6000.0]}
